{"ann1":{"err":0.4861962557},"ann2":{"err":0.1333333333},"ann3":{"err":0.16},"knn1":{"err":0.1466666667},"knn5":{"err":0.1466666667},"knn10":{"err":0.16}}